2025-12-09 12:33:36,S,S,
2025-12-09 12:33:36,S,SS,
2025-12-09 12:33:37,S,SSS,
2025-12-09 12:33:38,A,SSSA,
2025-12-09 12:33:39,S,SSSAS,
2025-12-09 12:33:39,A,SSSASA,
2025-12-09 12:33:40,S,SSSASAS,
2025-12-09 12:33:42,S,S,SSSASAS 
2025-12-09 12:33:43,S,SS,SSSASAS 
2025-12-09 12:33:43,A,SSA,SSSASAS 
2025-12-09 12:33:44,S,SSAS,SSSASAS 
2025-12-09 12:33:44,A,SSASA,SSSASAS 
2025-12-09 12:33:45,A,SSASAA,SSSASAS 
2025-12-09 12:33:46,Z,SSASAAZ,SSSASAS 
2025-12-09 12:33:47,B,SSASAAZB,SSSASAS 
2025-12-09 12:33:48,Z,SSASAAZBZ,SSSASAS 
2025-12-09 12:33:48,B,SSASAAZBZB,SSSASAS 
2025-12-09 12:33:49,Z,SSASAAZBZBZ,SSSASAS 
2025-12-09 12:33:49,B,SSASAAZBZBZB,SSSASAS 
2025-12-09 12:33:50,Z,SSASAAZBZBZBZ,SSSASAS 
2025-12-09 12:33:50,B,SSASAAZBZBZBZB,SSSASAS 
2025-12-09 12:33:51,B,SSASAAZBZBZBZBB,SSSASAS 
2025-12-09 12:33:52,B,SSASAAZBZBZBZBBB,SSSASAS 
2025-12-09 12:33:53,B,SSASAAZBZBZBZBBBB,SSSASAS 
2025-12-09 12:33:53,B,SSASAAZBZBZBZBBBBB,SSSASAS 
2025-12-09 12:33:54,B,SSASAAZBZBZBZBBBBBB,SSSASAS 
2025-12-09 12:33:55,Z,SSASAAZBZBZBZBBBBBBZ,SSSASAS 
2025-12-09 12:33:56,Z,SSASAAZBZBZBZBBBBBBZZ,SSSASAS 
2025-12-09 12:33:56,Z,SSASAAZBZBZBZBBBBBBZZZ,SSSASAS 
